{
  "id": "4391187",
  "name": "小米商城",
  "font_family": "iconfont",
  "css_prefix_text": "icon-",
  "description": "",
  "glyphs": [
    {
      "icon_id": "1841778",
      "name": "售后服务",
      "font_class": "shouhoufuwu",
      "unicode": "e687",
      "unicode_decimal": 59015
    },
    {
      "icon_id": "4561704",
      "name": "维修",
      "font_class": "weixiu",
      "unicode": "e642",
      "unicode_decimal": 58946
    },
    {
      "icon_id": "10162025",
      "name": "咨询管理",
      "font_class": "zixunguanli",
      "unicode": "e710",
      "unicode_decimal": 59152
    },
    {
      "icon_id": "22447428",
      "name": "英雄联盟",
      "font_class": "yingxionglianmeng",
      "unicode": "e772",
      "unicode_decimal": 59250
    },
    {
      "icon_id": "3512587",
      "name": "以旧换新",
      "font_class": "old-new",
      "unicode": "e607",
      "unicode_decimal": 58887
    },
    {
      "icon_id": "1306",
      "name": "购物车空",
      "font_class": "gouwuchekong",
      "unicode": "e606",
      "unicode_decimal": 58886
    },
    {
      "icon_id": "1162336",
      "name": "右箭头",
      "font_class": "youjiantou",
      "unicode": "e6e0",
      "unicode_decimal": 59104
    },
    {
      "icon_id": "4397910",
      "name": "搜索",
      "font_class": "sousuo",
      "unicode": "e637",
      "unicode_decimal": 58935
    },
    {
      "icon_id": "38695008",
      "name": "icon_blog",
      "font_class": "icon_blog",
      "unicode": "e600",
      "unicode_decimal": 58880
    },
    {
      "icon_id": "38695010",
      "name": "icon_activity",
      "font_class": "icon_activity",
      "unicode": "e601",
      "unicode_decimal": 58881
    },
    {
      "icon_id": "38695012",
      "name": "icon_home",
      "font_class": "icon_home",
      "unicode": "e602",
      "unicode_decimal": 58882
    },
    {
      "icon_id": "38695015",
      "name": "icon_collections",
      "font_class": "icon_collections",
      "unicode": "e603",
      "unicode_decimal": 58883
    },
    {
      "icon_id": "38695030",
      "name": "icon_edit",
      "font_class": "icon_edit",
      "unicode": "e604",
      "unicode_decimal": 58884
    },
    {
      "icon_id": "38695045",
      "name": "icon_logout",
      "font_class": "icon_logout",
      "unicode": "e605",
      "unicode_decimal": 58885
    }
  ]
}
